{
  "window":{
    "unobtrusive":true,
    "padding":4,
    "rounding":8,
    "opacity":0.85,
    "bg":{
      "r":0.1,
      "a":1,
      "g":0.1,
      "b":0.1
    },
    "border":{
      "r":0.3,
      "a":0.6,
      "g":0.3,
      "b":0.3
    },
    "use_custom_bg":true
  },
  "buttons":{
    "height":37.799999237061,
    "border_size":0,
    "rounding":6,
    "shape":"square",
    "use_custom_colors":true,
    "colors":{
      "active":{
        "r":0.28,
        "a":1,
        "g":0.28,
        "b":0.28
      },
      "text":{
        "r":0.95,
        "a":1,
        "g":0.95,
        "b":0.95
      },
      "normal":{
        "r":0.045371863991022,
        "a":0.89999997615814,
        "g":0.1663920879364,
        "b":0.95734596252441
      },
      "hovered":{
        "r":0.85042119026184,
        "a":0.94999998807907,
        "g":0.053907118737698,
        "b":0.94786727428436
      }
    },
    "spacing":5.6669998168945,
    "width":91.333000183105
  },
  "ui":{
    "compact_color":true,
    "picker_width":180
  }
}